granuleID,SensingTime,ProductionTime,VEG-DIST-STATUS,VEG-ANOM,VEG-IND,VEG-HIST,VEG-ANOM-MAX,VEG-DIST-CONF,VEG-DIST-DATE,VEG-DIST-COUNT,VEG-DIST-DUR,VEG-LAST-DATE,GEN-DIST-STATUS,GEN-ANOM,GEN-ANOM-MAX,GEN-DIST-CONF,GEN-DIST-DATE,GEN-DIST-COUNT,GEN-DIST-DUR,GEN-LAST-DATE
OPERA_L3_DIST-ALERT-HLS_T50NPL_20240102T021955Z_20240208T012000Z_L8_30_v1,20240102T021955Z,20240208T012000Z,0,0,100,200,0,0,NA,0,0,1097,0,2,0,0,NA,0,0,1097
OPERA_L3_DIST-ALERT-HLS_T50NPL_20240102T022109Z_20240208T012029Z_S2B_30_v1,20240102T022109Z,20240208T012029Z,0,NA,NA,200,0,0,NA,0,0,1097,0,NA,0,0,NA,0,0,1097
OPERA_L3_DIST-ALERT-HLS_T50NPL_20240109T022606Z_20240208T012107Z_L8_30_v1,20240109T022606Z,20240208T012107Z,0,NA,NA,200,0,0,NA,0,0,1097,0,NA,0,0,NA,0,0,1097
OPERA_L3_DIST-ALERT-HLS_T50NPL_20240110T022004Z_20240208T174241Z_L9_30_v1,20240110T022004Z,20240208T174241Z,0,NA,NA,200,0,0,NA,0,0,1097,0,NA,0,0,NA,0,0,1097
OPERA_L3_DIST-ALERT-HLS_T50NPL_20240110T023051Z_20240208T174301Z_S2A_30_v1,20240110T023051Z,20240208T174301Z,0,NA,NA,200,0,0,NA,0,0,1097,0,NA,0,0,NA,0,0,1097
OPERA_L3_DIST-ALERT-HLS_T50NPL_20240112T022049Z_20240208T174321Z_S2B_30_v1,20240112T022049Z,20240208T174321Z,0,NA,NA,200,0,0,NA,0,0,1097,0,NA,0,0,NA,0,0,1097
OPERA_L3_DIST-ALERT-HLS_T50NPL_20240117T022021Z_20240208T174341Z_S2A_30_v1,20240117T022021Z,20240208T174341Z,0,NA,NA,200,0,0,NA,0,0,1097,0,NA,0,0,NA,0,0,1097
OPERA_L3_DIST-ALERT-HLS_T50NPL_20240117T022616Z_20240208T174401Z_L9_30_v1,20240117T022616Z,20240208T174401Z,0,NA,NA,200,0,0,NA,0,0,1097,0,NA,0,0,NA,0,0,1097
OPERA_L3_DIST-ALERT-HLS_T50NPL_20240118T021955Z_20240208T174421Z_L8_30_v1,20240118T021955Z,20240208T174421Z,0,NA,NA,200,0,0,NA,0,0,1097,0,NA,0,0,NA,0,0,1097
OPERA_L3_DIST-ALERT-HLS_T50NPL_20240122T022009Z_20240208T174441Z_S2B_30_v1,20240122T022009Z,20240208T174441Z,0,NA,NA,200,0,0,NA,0,0,1097,0,NA,0,0,NA,0,0,1097
OPERA_L3_DIST-ALERT-HLS_T50NPL_20240125T022601Z_20240208T174501Z_L8_30_v1,20240125T022601Z,20240208T174501Z,0,0,100,200,0,0,NA,0,0,1120,0,1,0,0,NA,0,0,1120
OPERA_L3_DIST-ALERT-HLS_T50NPL_20240125T023009Z_20240208T174521Z_S2B_30_v1,20240125T023009Z,20240208T174521Z,0,NA,NA,200,0,0,NA,0,0,1120,0,NA,0,0,NA,0,0,1120
OPERA_L3_DIST-ALERT-HLS_T50NPL_20240126T022003Z_20240208T174540Z_L9_30_v1,20240126T022003Z,20240208T174540Z,0,NA,NA,200,0,0,NA,0,0,1120,0,NA,0,0,NA,0,0,1120
OPERA_L3_DIST-ALERT-HLS_T50NPL_20240127T021941Z_20240208T174600Z_S2A_30_v1,20240127T021941Z,20240208T174600Z,0,NA,NA,200,0,0,NA,0,0,1120,0,NA,0,0,NA,0,0,1120
OPERA_L3_DIST-ALERT-HLS_T50NPL_20240130T022931Z_20240208T174620Z_S2A_30_v1,20240130T022931Z,20240208T174620Z,0,NA,NA,200,0,0,NA,0,0,1120,0,NA,0,0,NA,0,0,1120
OPERA_L3_DIST-ALERT-HLS_T50NPL_20240201T021919Z_20240213T121527Z_S2B_30_v1,20240201T021919Z,20240213T121527Z,0,NA,NA,200,0,0,NA,0,0,1120,0,NA,0,0,NA,0,0,1120
OPERA_L3_DIST-ALERT-HLS_T50NPL_20240202T022618Z_20240213T121548Z_L9_30_v1,20240202T022618Z,20240213T121548Z,0,NA,NA,200,0,0,NA,0,0,1120,0,NA,0,0,NA,0,0,1120
OPERA_L3_DIST-ALERT-HLS_T50NPL_20240204T022909Z_20240213T121608Z_S2B_30_v1,20240204T022909Z,20240213T121608Z,0,NA,NA,200,0,0,NA,0,0,1120,0,NA,0,0,NA,0,0,1120
OPERA_L3_DIST-ALERT-HLS_T50NPL_20240206T021851Z_20240213T121629Z_S2A_30_v1,20240206T021851Z,20240213T121629Z,0,NA,NA,200,0,0,NA,0,0,1120,0,NA,0,0,NA,0,0,1120
OPERA_L3_DIST-ALERT-HLS_T50NPL_20240209T022841Z_20240213T121649Z_S2A_30_v1,20240209T022841Z,20240213T121649Z,0,NA,NA,200,0,0,NA,0,0,1120,0,NA,0,0,NA,0,0,1120
OPERA_L3_DIST-ALERT-HLS_T50NPL_20240210T022606Z_20240213T121710Z_L8_30_v1,20240210T022606Z,20240213T121710Z,0,NA,NA,200,0,0,NA,0,0,1120,0,NA,0,0,NA,0,0,1120
OPERA_L3_DIST-ALERT-HLS_T50NPL_20240211T021829Z_20240220T120657Z_S2B_30_v1,20240211T021829Z,20240220T120657Z,0,NA,NA,200,0,0,NA,0,0,1120,0,NA,0,0,NA,0,0,1120
OPERA_L3_DIST-ALERT-HLS_T50NPL_20240214T022819Z_20240220T120718Z_S2B_30_v1,20240214T022819Z,20240220T120718Z,0,0,100,200,0,0,NA,0,0,1140,0,1,0,0,NA,0,0,1140
OPERA_L3_DIST-ALERT-HLS_T50NPL_20240216T021751Z_20240220T120739Z_S2A_30_v1,20240216T021751Z,20240220T120739Z,0,NA,NA,200,0,0,NA,0,0,1140,0,NA,0,0,NA,0,0,1140
OPERA_L3_DIST-ALERT-HLS_T50NPL_20240218T022611Z_20240221T233341Z_L9_30_v1,20240218T022611Z,20240221T233341Z,0,NA,NA,200,0,0,NA,0,0,1140,0,NA,0,0,NA,0,0,1140
OPERA_L3_DIST-ALERT-HLS_T50NPL_20240219T021953Z_20240221T233410Z_L8_30_v1,20240219T021953Z,20240221T233410Z,0,0,100,200,0,0,NA,0,0,1145,0,2,0,0,NA,0,0,1145
OPERA_L3_DIST-ALERT-HLS_T50NPL_20240219T022741Z_20240221T233439Z_S2A_30_v1,20240219T022741Z,20240221T233439Z,0,NA,NA,200,0,0,NA,0,0,1145,0,NA,0,0,NA,0,0,1145
OPERA_L3_DIST-ALERT-HLS_T50NPL_20240221T021729Z_20240229T232020Z_S2B_30_v1,20240221T021729Z,20240229T232020Z,0,NA,NA,200,0,0,NA,0,0,1145,0,NA,0,0,NA,0,0,1145
OPERA_L3_DIST-ALERT-HLS_T50NPL_20240224T022709Z_20240229T232048Z_S2B_30_v1,20240224T022709Z,20240229T232048Z,0,NA,NA,200,0,0,NA,0,0,1145,0,NA,0,0,NA,0,0,1145
OPERA_L3_DIST-ALERT-HLS_T50NPL_20240226T021651Z_20240229T232112Z_S2A_30_v1,20240226T021651Z,20240229T232112Z,0,NA,NA,200,0,0,NA,0,0,1145,0,NA,0,0,NA,0,0,1145
OPERA_L3_DIST-ALERT-HLS_T50NPL_20240226T022601Z_20240304T195501Z_L8_30_v1,20240226T022601Z,20240304T195501Z,0,NA,NA,200,0,0,NA,0,0,1145,0,NA,0,0,NA,0,0,1145
OPERA_L3_DIST-ALERT-HLS_T50NPL_20240227T021956Z_20240304T195558Z_L9_30_v1,20240227T021956Z,20240304T195558Z,0,NA,NA,200,0,0,NA,0,0,1145,0,NA,0,0,NA,0,0,1145
OPERA_L3_DIST-ALERT-HLS_T50NPL_20240305T022549Z_20240319T213745Z_S2B_30_v1,20240305T022549Z,20240319T213745Z,0,NA,NA,200,0,0,NA,0,0,1145,0,NA,0,0,NA,0,0,1145
OPERA_L3_DIST-ALERT-HLS_T50NPL_20240305T022610Z_20240320T005354Z_L9_30_v1,20240305T022610Z,20240320T005354Z,0,NA,NA,200,0,0,NA,0,0,1145,0,NA,0,0,NA,0,0,1145
OPERA_L3_DIST-ALERT-HLS_T50NPL_20240306T021941Z_20240320T032343Z_L8_30_v1,20240306T021941Z,20240320T032343Z,0,0,100,200,0,0,NA,0,0,1161,0,NA,0,0,NA,0,0,1145
OPERA_L3_DIST-ALERT-HLS_T50NPL_20240307T021541Z_20240320T080736Z_S2A_30_v1,20240307T021541Z,20240320T080736Z,0,0,100,200,0,0,NA,0,0,1162,0,NA,0,0,NA,0,0,1145
OPERA_L3_DIST-ALERT-HLS_T50NPL_20240310T022531Z_20240322T063255Z_S2A_30_v1,20240310T022531Z,20240322T063255Z,0,0,99,200,0,0,NA,0,0,1165,0,NA,0,0,NA,0,0,1145
OPERA_L3_DIST-ALERT-HLS_T50NPL_20240312T021529Z_20240321T223313Z_S2B_30_v1,20240312T021529Z,20240321T223313Z,0,NA,NA,200,0,0,NA,0,0,1162,0,NA,0,0,NA,0,0,1145
OPERA_L3_DIST-ALERT-HLS_T50NPL_20240313T022550Z_20240315T141222Z_L8_30_v1,20240313T022550Z,20240315T141222Z,0,NA,NA,200,0,0,NA,0,0,1145,0,NA,0,0,NA,0,0,1145
OPERA_L3_DIST-ALERT-HLS_T50NPL_20240314T022022Z_20240318T133108Z_L9_30_v1,20240314T022022Z,20240318T133108Z,0,NA,NA,200,0,0,NA,0,0,1145,0,NA,0,0,NA,0,0,1145
OPERA_L3_DIST-ALERT-HLS_T50NPL_20240315T022529Z_20240318T053635Z_S2B_30_v1,20240315T022529Z,20240318T053635Z,0,NA,NA,200,0,0,NA,0,0,1145,0,NA,0,0,NA,0,0,1145
OPERA_L3_DIST-ALERT-HLS_T50NPL_20240317T021531Z_20240319T120030Z_S2A_30_v1,20240317T021531Z,20240319T120030Z,0,NA,NA,200,0,0,NA,0,0,1145,0,NA,0,0,NA,0,0,1145
OPERA_L3_DIST-ALERT-HLS_T50NPL_20240320T022531Z_20240322T115119Z_S2A_30_v1,20240320T022531Z,20240322T115119Z,0,NA,NA,200,0,0,NA,0,0,1145,0,NA,0,0,NA,0,0,1145
OPERA_L3_DIST-ALERT-HLS_T50NPL_20240321T022608Z_20240327T092210Z_L9_30_v1,20240321T022608Z,20240327T092210Z,0,NA,NA,200,0,0,NA,0,0,1145,0,NA,0,0,NA,0,0,1145
OPERA_L3_DIST-ALERT-HLS_T50NPL_20240322T021529Z_20240327T092233Z_S2B_30_v1,20240322T021529Z,20240327T092233Z,0,NA,NA,200,0,0,NA,0,0,1145,0,NA,0,0,NA,0,0,1145
OPERA_L3_DIST-ALERT-HLS_T50NPL_20240322T021933Z_20240327T092258Z_L8_30_v1,20240322T021933Z,20240327T092258Z,0,NA,NA,200,0,0,NA,0,0,1145,0,NA,0,0,NA,0,0,1145
OPERA_L3_DIST-ALERT-HLS_T50NPL_20240325T022529Z_20240328T030424Z_S2B_30_v1,20240325T022529Z,20240328T030424Z,0,NA,NA,200,0,0,NA,0,0,1145,0,NA,0,0,NA,0,0,1145
OPERA_L3_DIST-ALERT-HLS_T50NPL_20240327T021531Z_20240329T121015Z_S2A_30_v1,20240327T021531Z,20240329T121015Z,0,0,99,200,0,0,NA,0,0,1182,0,NA,0,0,NA,0,0,1145
OPERA_L3_DIST-ALERT-HLS_T50NPL_20240329T022535Z_20240331T075754Z_L8_30_v1,20240329T022535Z,20240331T075754Z,0,NA,NA,200,0,0,NA,0,0,1182,0,NA,0,0,NA,0,0,1145
OPERA_L3_DIST-ALERT-HLS_T50NPL_20240330T021949Z_20240401T104502Z_L9_30_v1,20240330T021949Z,20240401T104502Z,0,NA,NA,200,0,0,NA,0,0,1182,0,NA,0,0,NA,0,0,1145
OPERA_L3_DIST-ALERT-HLS_T50NPL_20240330T022531Z_20240401T104526Z_S2A_30_v1,20240330T022531Z,20240401T104526Z,0,NA,NA,200,0,0,NA,0,0,1182,0,NA,0,0,NA,0,0,1145
OPERA_L3_DIST-ALERT-HLS_T50NPL_20240401T021529Z_20240405T234110Z_S2B_30_v1,20240401T021529Z,20240405T234110Z,0,NA,NA,200,0,0,NA,0,0,1182,0,NA,0,0,NA,0,0,1145
OPERA_L3_DIST-ALERT-HLS_T50NPL_20240404T022529Z_20240407T085438Z_S2B_30_v1,20240404T022529Z,20240407T085438Z,0,NA,NA,200,0,0,NA,0,0,1182,0,NA,0,0,NA,0,0,1145
OPERA_L3_DIST-ALERT-HLS_T50NPL_20240406T021531Z_20240408T120659Z_S2A_30_v1,20240406T021531Z,20240408T120659Z,0,NA,NA,200,0,0,NA,0,0,1182,0,NA,0,0,NA,0,0,1145
OPERA_L3_DIST-ALERT-HLS_T50NPL_20240406T022559Z_20240408T120728Z_L9_30_v1,20240406T022559Z,20240408T120728Z,0,NA,NA,200,0,0,NA,0,0,1182,0,NA,0,0,NA,0,0,1145
OPERA_L3_DIST-ALERT-HLS_T50NPL_20240407T021925Z_20240409T182423Z_L8_30_v1,20240407T021925Z,20240409T182423Z,0,NA,NA,200,0,0,NA,0,0,1182,0,NA,0,0,NA,0,0,1145
OPERA_L3_DIST-ALERT-HLS_T50NPL_20240409T022531Z_20240412T064117Z_S2A_30_v1,20240409T022531Z,20240412T064117Z,0,NA,NA,200,0,0,NA,0,0,1182,0,NA,0,0,NA,0,0,1145
OPERA_L3_DIST-ALERT-HLS_T50NPL_20240411T021529Z_20240413T132451Z_S2B_30_v1,20240411T021529Z,20240413T132451Z,0,NA,NA,200,0,0,NA,0,0,1182,0,NA,0,0,NA,0,0,1145
OPERA_L3_DIST-ALERT-HLS_T50NPL_20240414T022529Z_20240416T182406Z_S2B_30_v1,20240414T022529Z,20240416T182406Z,0,NA,NA,200,0,0,NA,0,0,1182,0,NA,0,0,NA,0,0,1145
OPERA_L3_DIST-ALERT-HLS_T50NPL_20240414T022532Z_20240416T182434Z_L8_30_v1,20240414T022532Z,20240416T182434Z,0,NA,NA,200,0,0,NA,0,0,1182,0,NA,0,0,NA,0,0,1145
OPERA_L3_DIST-ALERT-HLS_T50NPL_20240415T021942Z_20240417T173150Z_L9_30_v1,20240415T021942Z,20240417T173150Z,0,NA,NA,200,0,0,NA,0,0,1182,0,NA,0,0,NA,0,0,1145
OPERA_L3_DIST-ALERT-HLS_T50NPL_20240416T021611Z_20240427T180828Z_S2A_30_v1,20240416T021611Z,20240427T180828Z,0,NA,NA,200,0,0,NA,0,0,1182,0,NA,0,0,NA,0,0,1145
OPERA_L3_DIST-ALERT-HLS_T50NPL_20240419T022531Z_20240427T180850Z_S2A_30_v1,20240419T022531Z,20240427T180850Z,0,0,100,200,0,0,NA,0,0,1205,0,2,0,0,NA,0,0,1205
OPERA_L3_DIST-ALERT-HLS_T50NPL_20240421T021529Z_20240427T180912Z_S2B_30_v1,20240421T021529Z,20240427T180912Z,0,NA,NA,200,0,0,NA,0,0,1205,0,NA,0,0,NA,0,0,1205
OPERA_L3_DIST-ALERT-HLS_T50NPL_20240422T022541Z_20240425T203953Z_L9_30_v1,20240422T022541Z,20240425T203953Z,0,NA,NA,200,0,0,NA,0,0,1182,0,NA,0,0,NA,0,0,1145
OPERA_L3_DIST-ALERT-HLS_T50NPL_20240423T021916Z_20240428T140422Z_L8_30_v1,20240423T021916Z,20240428T140422Z,0,NA,NA,200,0,0,NA,0,0,1182,0,NA,0,0,NA,0,0,1145
OPERA_L3_DIST-ALERT-HLS_T50NPL_20240424T022529Z_20240428T140459Z_S2B_30_v1,20240424T022529Z,20240428T140459Z,0,0,100,200,0,0,NA,0,0,1210,0,2,0,0,NA,0,0,1210
OPERA_L3_DIST-ALERT-HLS_T50NPL_20240426T021611Z_20240429T130831Z_S2A_30_v1,20240426T021611Z,20240429T130831Z,0,0,100,200,0,0,NA,0,0,1212,0,2,0,0,NA,0,0,1212
OPERA_L3_DIST-ALERT-HLS_T50NPL_20240429T022531Z_20240502T011220Z_S2A_30_v1,20240429T022531Z,20240502T011220Z,0,NA,NA,200,0,0,NA,0,0,1212,0,NA,0,0,NA,0,0,1212
OPERA_L3_DIST-ALERT-HLS_T50NPL_20240430T022521Z_20240509T133047Z_L8_30_v1,20240430T022521Z,20240509T133047Z,0,0,99,200,0,0,NA,0,0,1216,0,3,0,0,NA,0,0,1216
OPERA_L3_DIST-ALERT-HLS_T50NPL_20240501T021529Z_20240507T070934Z_S2B_30_v1,20240501T021529Z,20240507T070934Z,0,NA,NA,200,0,0,NA,0,0,1212,0,NA,0,0,NA,0,0,1212
OPERA_L3_DIST-ALERT-HLS_T50NPL_20240501T021925Z_20240508T091343Z_L9_30_v1,20240501T021925Z,20240508T091343Z,0,NA,NA,200,0,0,NA,0,0,1212,0,NA,0,0,NA,0,0,1212
OPERA_L3_DIST-ALERT-HLS_T50NPL_20240504T022529Z_20240509T133110Z_S2B_30_v1,20240504T022529Z,20240509T133110Z,0,NA,NA,200,0,0,NA,0,0,1216,0,NA,0,0,NA,0,0,1216
OPERA_L3_DIST-ALERT-HLS_T50NPL_20240506T021611Z_20240509T133133Z_S2A_30_v1,20240506T021611Z,20240509T133133Z,0,0,100,200,0,0,NA,0,0,1222,0,2,0,0,NA,0,0,1222
OPERA_L3_DIST-ALERT-HLS_T50NPL_20240508T022536Z_20240510T091751Z_L9_30_v1,20240508T022536Z,20240510T091751Z,0,NA,NA,200,0,0,NA,0,0,1222,0,NA,0,0,NA,0,0,1222
OPERA_L3_DIST-ALERT-HLS_T50NPL_20240509T021905Z_20240511T075656Z_L8_30_v1,20240509T021905Z,20240511T075656Z,0,0,100,200,0,0,NA,0,0,1225,0,1,0,0,NA,0,0,1225
OPERA_L3_DIST-ALERT-HLS_T50NPL_20240509T022551Z_20240511T120450Z_S2A_30_v1,20240509T022551Z,20240511T120450Z,0,NA,NA,200,0,0,NA,0,0,1225,0,NA,0,0,NA,0,0,1225
OPERA_L3_DIST-ALERT-HLS_T50NPL_20240511T021529Z_20240513T154307Z_S2B_30_v1,20240511T021529Z,20240513T154307Z,0,NA,NA,200,0,0,NA,0,0,1225,0,NA,0,0,NA,0,0,1225
OPERA_L3_DIST-ALERT-HLS_T50NPL_20240514T022529Z_20240516T154636Z_S2B_30_v1,20240514T022529Z,20240516T154636Z,0,0,100,200,0,0,NA,0,0,1230,0,3,0,0,NA,0,0,1230
OPERA_L3_DIST-ALERT-HLS_T50NPL_20240516T021611Z_20240518T120454Z_S2A_30_v1,20240516T021611Z,20240518T120454Z,0,0,100,200,0,0,NA,0,0,1232,0,3,0,0,NA,0,0,1232
OPERA_L3_DIST-ALERT-HLS_T50NPL_20240516T022506Z_20240518T120522Z_L8_30_v1,20240516T022506Z,20240518T120522Z,0,NA,NA,200,0,0,NA,0,0,1232,0,NA,0,0,NA,0,0,1232
OPERA_L3_DIST-ALERT-HLS_T50NPL_20240517T021917Z_20240519T122511Z_L9_30_v1,20240517T021917Z,20240519T122511Z,0,NA,NA,200,0,0,NA,0,0,1232,0,NA,0,0,NA,0,0,1232
OPERA_L3_DIST-ALERT-HLS_T50NPL_20240519T022531Z_20240521T185702Z_S2A_30_v1,20240519T022531Z,20240521T185702Z,0,NA,NA,200,0,0,NA,0,0,1232,0,NA,0,0,NA,0,0,1232
OPERA_L3_DIST-ALERT-HLS_T50NPL_20240521T021529Z_20240523T234027Z_S2B_30_v1,20240521T021529Z,20240523T234027Z,0,NA,NA,200,0,0,NA,0,0,1232,0,NA,0,0,NA,0,0,1232
OPERA_L3_DIST-ALERT-HLS_T50NPL_20240524T022525Z_20240526T112426Z_L9_30_v1,20240524T022525Z,20240526T112426Z,0,NA,NA,200,0,0,NA,0,0,1232,0,NA,0,0,NA,0,0,1232
OPERA_L3_DIST-ALERT-HLS_T50NPL_20240524T022529Z_20240526T091051Z_S2B_30_v1,20240524T022529Z,20240526T091051Z,0,NA,NA,200,0,0,NA,0,0,1232,0,NA,0,0,NA,0,0,1232
OPERA_L3_DIST-ALERT-HLS_T50NPL_20240525T021852Z_20240527T233318Z_L8_30_v1,20240525T021852Z,20240527T233318Z,0,NA,NA,200,0,0,NA,0,0,1232,0,NA,0,0,NA,0,0,1232
OPERA_L3_DIST-ALERT-HLS_T50NPL_20240526T021601Z_20240528T142148Z_S2A_30_v1,20240526T021601Z,20240528T142148Z,0,NA,NA,200,0,0,NA,0,0,1232,0,NA,0,0,NA,0,0,1232
OPERA_L3_DIST-ALERT-HLS_T50NPL_20240531T021529Z_20240602T152616Z_S2B_30_v1,20240531T021529Z,20240602T152616Z,0,NA,NA,200,0,0,NA,0,0,1232,0,NA,0,0,NA,0,0,1232
OPERA_L3_DIST-ALERT-HLS_T50NPL_20240601T022503Z_20240603T104247Z_L8_30_v1,20240601T022503Z,20240603T104247Z,0,0,100,200,0,0,NA,0,0,1248,0,2,0,0,NA,0,0,1248
OPERA_L3_DIST-ALERT-HLS_T50NPL_20240602T021911Z_20240604T164754Z_L9_30_v1,20240602T021911Z,20240604T164754Z,0,NA,NA,200,0,0,NA,0,0,1248,0,NA,0,0,NA,0,0,1248
OPERA_L3_DIST-ALERT-HLS_T50NPL_20240603T022529Z_20240606T034019Z_S2B_30_v1,20240603T022529Z,20240606T034019Z,0,NA,NA,200,0,0,NA,0,0,1248,0,NA,0,0,NA,0,0,1248
OPERA_L3_DIST-ALERT-HLS_T50NPL_20240605T021611Z_20240611T061237Z_S2A_30_v1,20240605T021611Z,20240611T061237Z,0,NA,NA,200,0,0,NA,0,0,1248,0,NA,0,0,NA,0,0,1248
OPERA_L3_DIST-ALERT-HLS_T50NPL_20240608T022541Z_20240612T205649Z_S2A_30_v1,20240608T022541Z,20240612T205649Z,0,0,100,200,0,0,NA,0,0,1255,0,2,0,0,NA,0,0,1255
OPERA_L3_DIST-ALERT-HLS_T50NPL_20240609T022519Z_20240622T174501Z_L9_30_v1,20240609T022519Z,20240622T174501Z,0,NA,NA,200,0,0,NA,0,0,1255,0,NA,0,0,NA,0,0,1255
OPERA_L3_DIST-ALERT-HLS_T50NPL_20240610T021539Z_20240612T224435Z_S2B_30_v1,20240610T021539Z,20240612T224435Z,1,14,84,98,14,14,20240610,1,1,1257,0,13,0,0,NA,0,0,1257
OPERA_L3_DIST-ALERT-HLS_T50NPL_20240610T021854Z_20240621T221059Z_L8_30_v1,20240610T021854Z,20240621T221059Z,0,0,100,200,0,0,NA,0,0,1257,0,5,0,0,NA,0,0,1257
OPERA_L3_DIST-ALERT-HLS_T50NPL_20240613T022539Z_20240615T013311Z_S2B_30_v1,20240613T022539Z,20240615T013311Z,0,0,100,200,0,0,NA,0,0,1260,0,2,0,0,NA,0,0,1260
OPERA_L3_DIST-ALERT-HLS_T50NPL_20240615T021611Z_20240617T051543Z_S2A_30_v1,20240615T021611Z,20240617T051543Z,0,NA,NA,200,0,0,NA,0,0,1260,0,NA,0,0,NA,0,0,1260
OPERA_L3_DIST-ALERT-HLS_T50NPL_20240617T022509Z_20240619T042935Z_L8_30_v1,20240617T022509Z,20240619T042935Z,0,NA,NA,200,0,0,NA,0,0,1260,0,NA,0,0,NA,0,0,1260
OPERA_L3_DIST-ALERT-HLS_T50NPL_20240618T021858Z_20240620T042449Z_L9_30_v1,20240618T021858Z,20240620T042449Z,0,NA,NA,200,0,0,NA,0,0,1260,0,NA,0,0,NA,0,0,1260
OPERA_L3_DIST-ALERT-HLS_T50NPL_20240618T022551Z_20240620T015138Z_S2A_30_v1,20240618T022551Z,20240620T015138Z,0,NA,NA,200,0,0,NA,0,0,1260,0,NA,0,0,NA,0,0,1260
OPERA_L3_DIST-ALERT-HLS_T50NPL_20240625T021541Z_20240627T082009Z_S2A_30_v1,20240625T021541Z,20240627T082009Z,0,NA,NA,200,0,0,NA,0,0,1260,0,NA,0,0,NA,0,0,1260
OPERA_L3_DIST-ALERT-HLS_T50NPL_20240625T022502Z_20240627T195206Z_L9_30_v1,20240625T022502Z,20240627T195206Z,0,NA,NA,200,0,0,NA,0,0,1260,0,NA,0,0,NA,0,0,1260
OPERA_L3_DIST-ALERT-HLS_T50NPL_20240626T021905Z_20240629T174451Z_L8_30_v1,20240626T021905Z,20240629T174451Z,0,NA,NA,200,0,0,NA,0,0,1260,0,NA,0,0,NA,0,0,1260
OPERA_L3_DIST-ALERT-HLS_T50NPL_20240628T022551Z_20240630T084700Z_S2A_30_v1,20240628T022551Z,20240630T084700Z,0,NA,NA,200,0,0,NA,0,0,1260,0,NA,0,0,NA,0,0,1260
OPERA_L3_DIST-ALERT-HLS_T50NPL_20240703T022517Z_20240707T071113Z_L8_30_v1,20240703T022517Z,20240707T071113Z,0,NA,NA,200,0,0,NA,0,0,1260,0,NA,0,0,NA,0,0,1260
OPERA_L3_DIST-ALERT-HLS_T50NPL_20240704T021904Z_20240707T071135Z_L9_30_v1,20240704T021904Z,20240707T071135Z,0,NA,NA,200,0,0,NA,0,0,1260,0,NA,0,0,NA,0,0,1260
OPERA_L3_DIST-ALERT-HLS_T50NPL_20240705T021541Z_20240708T094858Z_S2A_30_v1,20240705T021541Z,20240708T094858Z,0,NA,NA,200,0,0,NA,0,0,1260,0,NA,0,0,NA,0,0,1260
OPERA_L3_DIST-ALERT-HLS_T50NPL_20240708T022551Z_20240710T140148Z_S2A_30_v1,20240708T022551Z,20240710T140148Z,0,NA,NA,200,0,0,NA,0,0,1260,0,NA,0,0,NA,0,0,1260
OPERA_L3_DIST-ALERT-HLS_T50NPL_20240710T021539Z_20240712T094836Z_S2B_30_v1,20240710T021539Z,20240712T094836Z,0,0,100,200,0,0,NA,0,0,1287,0,2,0,0,NA,0,0,1287
OPERA_L3_DIST-ALERT-HLS_T50NPL_20240711T022523Z_20240713T043555Z_L9_30_v1,20240711T022523Z,20240713T043555Z,0,NA,NA,200,0,0,NA,0,0,1287,0,NA,0,0,NA,0,0,1287
OPERA_L3_DIST-ALERT-HLS_T50NPL_20240713T022529Z_20240715T064454Z_S2B_30_v1,20240713T022529Z,20240715T064454Z,0,NA,NA,200,0,0,NA,0,0,1287,0,NA,0,0,NA,0,0,1287
OPERA_L3_DIST-ALERT-HLS_T50NPL_20240715T021601Z_20240717T095106Z_S2A_30_v1,20240715T021601Z,20240717T095106Z,0,NA,NA,200,0,0,NA,0,0,1287,0,NA,0,0,NA,0,0,1287
OPERA_L3_DIST-ALERT-HLS_T50NPL_20240719T022533Z_20240721T085314Z_L8_30_v1,20240719T022533Z,20240721T085314Z,0,NA,NA,200,0,0,NA,0,0,1287,0,NA,0,0,NA,0,0,1287
OPERA_L3_DIST-ALERT-HLS_T50NPL_20240720T021539Z_20240723T081448Z_S2B_30_v1,20240720T021539Z,20240723T081448Z,0,0,100,200,0,0,NA,0,0,1297,0,2,0,0,NA,0,0,1297
OPERA_L3_DIST-ALERT-HLS_T50NPL_20240720T021916Z_20240723T081510Z_L9_30_v1,20240720T021916Z,20240723T081510Z,0,0,100,200,0,0,NA,0,0,1297,0,1,0,0,NA,0,0,1297
OPERA_L3_DIST-ALERT-HLS_T50NPL_20240725T021611Z_20240727T080818Z_S2A_30_v1,20240725T021611Z,20240727T080818Z,0,0,100,200,0,0,NA,0,0,1302,0,3,0,0,NA,0,0,1302
OPERA_L3_DIST-ALERT-HLS_T50NPL_20240727T022525Z_20240729T065110Z_L9_30_v1,20240727T022525Z,20240729T065110Z,0,NA,NA,200,0,0,NA,0,0,1302,0,NA,0,0,NA,0,0,1302
OPERA_L3_DIST-ALERT-HLS_T50NPL_20240728T021926Z_20240730T070042Z_L8_30_v1,20240728T021926Z,20240730T070042Z,0,NA,NA,200,0,0,NA,0,0,1302,0,NA,0,0,NA,0,0,1302
OPERA_L3_DIST-ALERT-HLS_T50NPL_20240728T022531Z_20240730T070127Z_S2A_30_v1,20240728T022531Z,20240730T070127Z,0,NA,NA,200,0,0,NA,0,0,1302,0,NA,0,0,NA,0,0,1302
OPERA_L3_DIST-ALERT-HLS_T50NPL_20240730T021539Z_20240801T084031Z_S2B_30_v1,20240730T021539Z,20240801T084031Z,0,NA,NA,200,0,0,NA,0,0,1302,0,NA,0,0,NA,0,0,1302
OPERA_L3_DIST-ALERT-HLS_T50NPL_20240802T022529Z_20240804T083445Z_S2B_30_v1,20240802T022529Z,20240804T083445Z,0,NA,NA,200,0,0,NA,0,0,1302,0,NA,0,0,NA,0,0,1302
OPERA_L3_DIST-ALERT-HLS_T50NPL_20240804T021531Z_20240806T094837Z_S2A_30_v1,20240804T021531Z,20240806T094837Z,0,NA,NA,200,0,0,NA,0,0,1302,0,NA,0,0,NA,0,0,1302
OPERA_L3_DIST-ALERT-HLS_T50NPL_20240804T022534Z_20240806T094859Z_L8_30_v1,20240804T022534Z,20240806T094859Z,0,NA,NA,200,0,0,NA,0,0,1302,0,NA,0,0,NA,0,0,1302
OPERA_L3_DIST-ALERT-HLS_T50NPL_20240805T021919Z_20240807T182836Z_L9_30_v1,20240805T021919Z,20240807T182836Z,0,NA,NA,200,0,0,NA,0,0,1302,0,NA,0,0,NA,0,0,1302
OPERA_L3_DIST-ALERT-HLS_T50NPL_20240807T022551Z_20240809T094552Z_S2A_30_v1,20240807T022551Z,20240809T094552Z,0,NA,NA,200,0,0,NA,0,0,1302,0,NA,0,0,NA,0,0,1302
OPERA_L3_DIST-ALERT-HLS_T50NPL_20240809T021539Z_20240811T103544Z_S2B_30_v1,20240809T021539Z,20240811T103544Z,0,NA,NA,200,0,0,NA,0,0,1302,0,NA,0,0,NA,0,0,1302
OPERA_L3_DIST-ALERT-HLS_T50NPL_20240812T022534Z_20240814T015102Z_L9_30_v1,20240812T022534Z,20240814T015102Z,0,0,100,200,0,0,NA,0,0,1320,0,1,0,0,NA,0,0,1320
OPERA_L3_DIST-ALERT-HLS_T50NPL_20240812T022539Z_20240814T054930Z_S2B_30_v1,20240812T022539Z,20240814T054930Z,0,NA,NA,200,0,0,NA,0,0,1320,0,NA,0,0,NA,0,0,1320
OPERA_L3_DIST-ALERT-HLS_T50NPL_20240813T021927Z_20240815T174258Z_L8_30_v1,20240813T021927Z,20240815T174258Z,0,NA,NA,200,0,0,NA,0,0,1320,0,NA,0,0,NA,0,0,1320
OPERA_L3_DIST-ALERT-HLS_T50NPL_20240814T021601Z_20240816T082930Z_S2A_30_v1,20240814T021601Z,20240816T082930Z,0,NA,NA,200,0,0,NA,0,0,1320,0,NA,0,0,NA,0,0,1320
OPERA_L3_DIST-ALERT-HLS_T50NPL_20240817T022551Z_20240819T172852Z_S2A_30_v1,20240817T022551Z,20240819T172852Z,0,0,100,200,0,0,NA,0,0,1325,0,2,0,0,NA,0,0,1325
OPERA_L3_DIST-ALERT-HLS_T50NPL_20240819T021539Z_20240907T022630Z_S2B_30_v1,20240819T021539Z,20240907T022630Z,0,NA,NA,200,0,0,NA,0,0,1325,0,NA,0,0,NA,0,0,1325
OPERA_L3_DIST-ALERT-HLS_T50NPL_20240820T022544Z_20240907T022653Z_L8_30_v1,20240820T022544Z,20240907T022653Z,0,NA,NA,200,0,0,NA,0,0,1325,0,NA,0,0,NA,0,0,1325
OPERA_L3_DIST-ALERT-HLS_T50NPL_20240822T022529Z_20240907T022717Z_S2B_30_v1,20240822T022529Z,20240907T022717Z,0,NA,NA,200,0,0,NA,0,0,1325,0,NA,0,0,NA,0,0,1325
OPERA_L3_DIST-ALERT-HLS_T50NPL_20240824T021531Z_20240907T022740Z_S2A_30_v1,20240824T021531Z,20240907T022740Z,0,NA,NA,200,0,0,NA,0,0,1325,0,NA,0,0,NA,0,0,1325
OPERA_L3_DIST-ALERT-HLS_T50NPL_20240828T022546Z_20240907T022804Z_L9_30_v1,20240828T022546Z,20240907T022804Z,0,0,100,200,0,0,NA,0,0,1336,0,3,0,0,NA,0,0,1336
OPERA_L3_DIST-ALERT-HLS_T50NPL_20240829T021933Z_20240907T022827Z_L8_30_v1,20240829T021933Z,20240907T022827Z,0,NA,NA,200,0,0,NA,0,0,1336,0,NA,0,0,NA,0,0,1336
OPERA_L3_DIST-ALERT-HLS_T50NPL_20240905T022553Z_20240908T105207Z_L8_30_v1,20240905T022553Z,20240908T105207Z,0,NA,NA,200,0,0,NA,0,0,1336,0,NA,0,0,NA,0,0,1336
OPERA_L3_DIST-ALERT-HLS_T50NPL_20240906T021929Z_20240908T193858Z_L9_30_v1,20240906T021929Z,20240908T193858Z,0,NA,NA,200,0,0,NA,0,0,1336,0,NA,0,0,NA,0,0,1336
OPERA_L3_DIST-ALERT-HLS_T50NPL_20240906T022531Z_20240908T193925Z_S2A_30_v1,20240906T022531Z,20240908T193925Z,0,NA,NA,200,0,0,NA,0,0,1336,0,NA,0,0,NA,0,0,1336
OPERA_L3_DIST-ALERT-HLS_T50NPL_20240908T021539Z_20240910T051650Z_S2B_30_v1,20240908T021539Z,20240910T051650Z,0,NA,NA,200,0,0,NA,0,0,1336,0,NA,0,0,NA,0,0,1336
OPERA_L3_DIST-ALERT-HLS_T50NPL_20240911T022529Z_20240913T062636Z_S2B_30_v1,20240911T022529Z,20240913T062636Z,0,0,100,200,0,0,NA,0,0,1350,0,5,0,0,NA,0,0,1350
OPERA_L3_DIST-ALERT-HLS_T50NPL_20240913T021531Z_20240915T063516Z_S2A_30_v1,20240913T021531Z,20240915T063516Z,0,NA,NA,200,0,0,NA,0,0,1350,0,NA,0,0,NA,0,0,1350
OPERA_L3_DIST-ALERT-HLS_T50NPL_20240913T022549Z_20240915T063540Z_L9_30_v1,20240913T022549Z,20240915T063540Z,0,NA,NA,200,0,0,NA,0,0,1350,0,NA,0,0,NA,0,0,1350
OPERA_L3_DIST-ALERT-HLS_T50NPL_20240914T021943Z_20240916T052307Z_L8_30_v1,20240914T021943Z,20240916T052307Z,0,NA,NA,200,0,0,NA,0,0,1350,0,NA,0,0,NA,0,0,1350
OPERA_L3_DIST-ALERT-HLS_T50NPL_20240918T021529Z_20240923T114210Z_S2B_30_v1,20240918T021529Z,20240923T114210Z,0,NA,NA,200,0,0,NA,0,0,1350,0,NA,0,0,NA,0,0,1350
OPERA_L3_DIST-ALERT-HLS_T50NPL_20240922T021935Z_20240924T020936Z_L9_30_v1,20240922T021935Z,20240924T020936Z,0,NA,NA,200,0,0,NA,0,0,1350,0,NA,0,0,NA,0,0,1350
OPERA_L3_DIST-ALERT-HLS_T50NPL_20240923T021531Z_20240925T062235Z_S2A_30_v1,20240923T021531Z,20240925T062235Z,0,0,99,200,0,0,NA,0,0,1362,0,2,0,0,NA,0,0,1362
OPERA_L3_DIST-ALERT-HLS_T50NPL_20240928T021529Z_20241002T004429Z_S2B_30_v1,20240928T021529Z,20241002T004429Z,0,NA,NA,200,0,0,NA,0,0,1362,0,NA,0,0,NA,0,0,1362
OPERA_L3_DIST-ALERT-HLS_T50NPL_20240929T022553Z_20241002T162824Z_L9_30_v1,20240929T022553Z,20241002T162824Z,0,NA,NA,200,0,0,NA,0,0,1362,0,NA,0,0,NA,0,0,1362
OPERA_L3_DIST-ALERT-HLS_T50NPL_20240930T021937Z_20241002T071815Z_L8_30_v1,20240930T021937Z,20241002T071815Z,0,NA,NA,200,0,0,NA,0,0,1362,0,NA,0,0,NA,0,0,1362
OPERA_L3_DIST-ALERT-HLS_T50NPL_20241001T022529Z_20241003T031602Z_S2B_30_v1,20241001T022529Z,20241003T031602Z,0,NA,NA,200,0,0,NA,0,0,1362,0,NA,0,0,NA,0,0,1362
OPERA_L3_DIST-ALERT-HLS_T50NPL_20241003T021531Z_20241005T061432Z_S2A_30_v1,20241003T021531Z,20241005T061432Z,0,NA,NA,200,0,0,NA,0,0,1362,0,NA,0,0,NA,0,0,1362
OPERA_L3_DIST-ALERT-HLS_T50NPL_20241006T022551Z_20241008T052024Z_S2A_30_v1,20241006T022551Z,20241008T052024Z,0,NA,NA,200,0,0,NA,0,0,1362,0,NA,0,0,NA,0,0,1362
OPERA_L3_DIST-ALERT-HLS_T50NPL_20241007T022552Z_20241009T105502Z_L8_30_v1,20241007T022552Z,20241009T105502Z,0,NA,NA,200,0,0,NA,0,0,1362,0,NA,0,0,NA,0,0,1362
OPERA_L3_DIST-ALERT-HLS_T50NPL_20241008T021529Z_20241010T120553Z_S2B_30_v1,20241008T021529Z,20241010T120553Z,0,NA,NA,200,0,0,NA,0,0,1362,0,NA,0,0,NA,0,0,1362
OPERA_L3_DIST-ALERT-HLS_T50NPL_20241008T021942Z_20241010T172357Z_L9_30_v1,20241008T021942Z,20241010T172357Z,0,NA,NA,200,0,0,NA,0,0,1362,0,NA,0,0,NA,0,0,1362
OPERA_L3_DIST-ALERT-HLS_T50NPL_20241011T022529Z_20241013T014013Z_S2B_30_v1,20241011T022529Z,20241013T014013Z,0,NA,NA,200,0,0,NA,0,0,1362,0,NA,0,0,NA,0,0,1362
OPERA_L3_DIST-ALERT-HLS_T50NPL_20241013T021631Z_20241019T023914Z_S2A_30_v1,20241013T021631Z,20241019T023914Z,0,NA,NA,200,0,0,NA,0,0,1362,0,NA,0,0,NA,0,0,1362
OPERA_L3_DIST-ALERT-HLS_T50NPL_20241015T022601Z_20241019T023947Z_L9_30_v1,20241015T022601Z,20241019T023947Z,0,0,99,200,0,0,NA,0,0,1384,0,3,0,0,NA,0,0,1384
OPERA_L3_DIST-ALERT-HLS_T50NPL_20241016T021952Z_20241022T094756Z_L8_30_v1,20241016T021952Z,20241022T094756Z,0,NA,NA,200,0,0,NA,0,0,1384,0,NA,0,0,NA,0,0,1384
OPERA_L3_DIST-ALERT-HLS_T50NPL_20241016T022701Z_20241022T031203Z_S2A_30_v1,20241016T022701Z,20241022T031203Z,0,NA,NA,200,0,0,NA,0,0,1384,0,NA,0,0,NA,0,0,1384
OPERA_L3_DIST-ALERT-HLS_T50NPL_20241018T021609Z_20241022T182521Z_S2B_30_v1,20241018T021609Z,20241022T182521Z,0,NA,NA,200,0,0,NA,0,0,1384,0,NA,0,0,NA,0,0,1384
OPERA_L3_DIST-ALERT-HLS_T50NPL_20241023T021741Z_20241025T044158Z_S2A_30_v1,20241023T021741Z,20241025T044158Z,0,2,97,200,0,0,NA,0,0,1392,0,7,0,0,NA,0,0,1392
OPERA_L3_DIST-ALERT-HLS_T50NPL_20241023T022604Z_20241025T044252Z_L8_30_v1,20241023T022604Z,20241025T044252Z,0,NA,NA,200,0,0,NA,0,0,1392,0,NA,0,0,NA,0,0,1392
OPERA_L3_DIST-ALERT-HLS_T50NPL_20241024T021958Z_20241026T100109Z_L9_30_v1,20241024T021958Z,20241026T100109Z,0,NA,NA,200,0,0,NA,0,0,1392,0,NA,0,0,NA,0,0,1392
OPERA_L3_DIST-ALERT-HLS_T50NPL_20241028T021719Z_20241030T063808Z_S2B_30_v1,20241028T021719Z,20241030T063808Z,0,NA,NA,200,0,0,NA,0,0,1392,0,NA,0,0,NA,0,0,1392
OPERA_L3_DIST-ALERT-HLS_T50NPL_20241031T022606Z_20241102T014953Z_L9_30_v1,20241031T022606Z,20241102T014953Z,0,NA,NA,200,0,0,NA,0,0,1392,0,NA,0,0,NA,0,0,1392
OPERA_L3_DIST-ALERT-HLS_T50NPL_20241031T022739Z_20241102T040950Z_S2B_30_v1,20241031T022739Z,20241102T040950Z,0,NA,NA,200,0,0,NA,0,0,1392,0,NA,0,0,NA,0,0,1392
OPERA_L3_DIST-ALERT-HLS_T50NPL_20241101T021942Z_20241107T225819Z_L8_30_v1,20241101T021942Z,20241107T225819Z,0,NA,NA,200,0,0,NA,0,0,1392,0,NA,0,0,NA,0,0,1392
OPERA_L3_DIST-ALERT-HLS_T50NPL_20241102T021841Z_20241108T080131Z_S2A_30_v1,20241102T021841Z,20241108T080131Z,0,NA,NA,200,0,0,NA,0,0,1392,0,NA,0,0,NA,0,0,1392
OPERA_L3_DIST-ALERT-HLS_T50NPL_20241105T022901Z_20241108T080154Z_S2A_30_v1,20241105T022901Z,20241108T080154Z,0,NA,NA,200,0,0,NA,0,0,1392,0,NA,0,0,NA,0,0,1392
OPERA_L3_DIST-ALERT-HLS_T50NPL_20241107T021809Z_20241110T042434Z_S2B_30_v1,20241107T021809Z,20241110T042434Z,0,NA,NA,200,0,0,NA,0,0,1392,0,NA,0,0,NA,0,0,1392
OPERA_L3_DIST-ALERT-HLS_T50NPL_20241108T022601Z_20241110T015127Z_L8_30_v1,20241108T022601Z,20241110T015127Z,0,NA,NA,200,0,0,NA,0,0,1392,0,NA,0,0,NA,0,0,1392
OPERA_L3_DIST-ALERT-HLS_T50NPL_20241109T021953Z_20241111T032700Z_L9_30_v1,20241109T021953Z,20241111T032700Z,1,47,52,99,47,47,20241109,1,1,1409,0,NA,0,0,NA,0,0,1392
OPERA_L3_DIST-ALERT-HLS_T50NPL_20241110T022829Z_20241117T131757Z_S2B_30_v1,20241110T022829Z,20241117T131757Z,1,NA,NA,99,47,47,20241109,1,1,1409,0,NA,0,0,NA,0,0,1392
OPERA_L3_DIST-ALERT-HLS_T50NPL_20241112T021931Z_20241117T220534Z_S2A_30_v1,20241112T021931Z,20241117T220534Z,1,NA,NA,99,47,47,20241109,1,1,1409,0,NA,0,0,NA,0,0,1392
OPERA_L3_DIST-ALERT-HLS_T50NPL_20241115T022951Z_20241118T094030Z_S2A_30_v1,20241115T022951Z,20241118T094030Z,1,NA,NA,99,47,47,20241109,1,1,1409,0,NA,0,0,NA,0,0,1392
OPERA_L3_DIST-ALERT-HLS_T50NPL_20241116T022605Z_20241118T112141Z_L9_30_v1,20241116T022605Z,20241118T112141Z,1,NA,NA,99,47,47,20241109,1,1,1409,0,NA,0,0,NA,0,0,1392
OPERA_L3_DIST-ALERT-HLS_T50NPL_20241117T021950Z_20241203T002552Z_L8_30_v1,20241117T021950Z,20241203T002552Z,1,NA,NA,99,47,47,20241109,1,1,1409,0,NA,0,0,NA,0,0,1392
OPERA_L3_DIST-ALERT-HLS_T50NPL_20241120T022919Z_20241203T002627Z_S2B_30_v1,20241120T022919Z,20241203T002627Z,1,NA,NA,99,47,47,20241109,1,1,1409,0,NA,0,0,NA,0,0,1392
OPERA_L3_DIST-ALERT-HLS_T50NPL_20241122T022011Z_20241203T002701Z_S2A_30_v1,20241122T022011Z,20241203T002701Z,1,NA,NA,99,47,47,20241109,1,1,1409,0,NA,0,0,NA,0,0,1392
OPERA_L3_DIST-ALERT-HLS_T50NPL_20241125T022004Z_20241203T002735Z_L9_30_v1,20241125T022004Z,20241203T002735Z,1,NA,NA,99,47,47,20241109,1,1,1409,0,NA,0,0,NA,0,0,1392
OPERA_L3_DIST-ALERT-HLS_T50NPL_20241127T021939Z_20241203T002810Z_S2B_30_v1,20241127T021939Z,20241203T002810Z,1,NA,NA,99,47,47,20241109,1,1,1409,0,NA,0,0,NA,0,0,1392
OPERA_L3_DIST-ALERT-HLS_T50NPL_20241202T022051Z_20241204T063757Z_S2A_30_v1,20241202T022051Z,20241204T063757Z,1,NA,NA,99,47,47,20241109,1,1,1409,0,NA,0,0,NA,0,0,1392
OPERA_L3_DIST-ALERT-HLS_T50NPL_20241202T022614Z_20241204T034235Z_L9_30_v1,20241202T022614Z,20241204T034235Z,1,NA,NA,99,47,47,20241109,1,1,1409,0,NA,0,0,NA,0,0,1392
OPERA_L3_DIST-ALERT-HLS_T50NPL_20241203T021959Z_20241207T014536Z_L8_30_v1,20241203T021959Z,20241207T014536Z,1,NA,NA,99,47,47,20241109,1,1,1409,0,NA,0,0,NA,0,0,1392
OPERA_L3_DIST-ALERT-HLS_T50NPL_20241207T022009Z_20241211T061857Z_S2B_30_v1,20241207T022009Z,20241211T061857Z,1,NA,NA,99,47,47,20241109,1,1,1409,0,NA,0,0,NA,0,0,1392
OPERA_L3_DIST-ALERT-HLS_T50NPL_20241210T022600Z_20241214T020348Z_L8_30_v1,20241210T022600Z,20241214T020348Z,1,NA,NA,99,47,47,20241109,1,1,1409,0,NA,0,0,NA,0,0,1392
OPERA_L3_DIST-ALERT-HLS_T50NPL_20241210T023019Z_20241212T093427Z_S2B_30_v1,20241210T023019Z,20241212T093427Z,1,NA,NA,99,47,47,20241109,1,1,1409,0,NA,0,0,NA,0,0,1392
OPERA_L3_DIST-ALERT-HLS_T50NPL_20241212T022111Z_20241214T060555Z_S2A_30_v1,20241212T022111Z,20241214T060555Z,1,NA,NA,99,47,47,20241109,1,1,1409,0,NA,0,0,NA,0,0,1392
OPERA_L3_DIST-ALERT-HLS_T50NPL_20241215T023121Z_20241217T042505Z_S2A_30_v1,20241215T023121Z,20241217T042505Z,2,16,67,99,47,126,20241109,2,37,1445,0,NA,0,0,NA,0,0,1392
OPERA_L3_DIST-ALERT-HLS_T50NPL_20241217T022019Z_20241219T041115Z_S2B_30_v1,20241217T022019Z,20241219T041115Z,2,NA,NA,99,47,126,20241109,2,37,1445,0,NA,0,0,NA,0,0,1392
OPERA_L3_DIST-ALERT-HLS_T50NPL_20241218T022609Z_20241220T035515Z_L9_30_v1,20241218T022609Z,20241220T035515Z,2,NA,NA,99,47,126,20241109,2,37,1445,0,NA,0,0,NA,0,0,1392
OPERA_L3_DIST-ALERT-HLS_T50NPL_20241219T022014Z_20241223T013831Z_L8_30_v1,20241219T022014Z,20241223T013831Z,2,NA,NA,99,47,126,20241109,2,37,1445,0,NA,0,0,NA,0,0,1392
OPERA_L3_DIST-ALERT-HLS_T50NPL_20241220T023029Z_20241222T043237Z_S2B_30_v1,20241220T023029Z,20241222T043237Z,2,NA,NA,99,47,126,20241109,2,37,1445,0,NA,0,0,NA,0,0,1392
OPERA_L3_DIST-ALERT-HLS_T50NPL_20241227T021959Z_20241229T014002Z_L9_30_v1,20241227T021959Z,20241229T014002Z,2,NA,NA,99,47,126,20241109,2,37,1445,0,NA,0,0,NA,0,0,1392
OPERA_L3_DIST-ALERT-HLS_T50NPL_20241227T022019Z_20241229T033630Z_S2B_30_v1,20241227T022019Z,20241229T033630Z,2,NA,NA,99,47,126,20241109,2,37,1445,0,NA,0,0,NA,0,0,1392
OPERA_L3_DIST-ALERT-HLS_T50NPL_20241230T023019Z_20250101T021414Z_S2B_30_v1,20241230T023019Z,20250101T021414Z,2,NA,NA,99,47,126,20241109,2,37,1445,0,NA,0,0,NA,0,0,1392
